combo,year,age,tarsus,nares,mass,plot,elevation,s_r_area,s_l_area,u_r_area,u_l_area,s_r_bright,s_l_bright,u_r_bright,u_l_bright,complete_repro,n_fledge,cid,f_prey_biomass, m_prey_biomass,food_availability
RRGA,2023,ASY,19.8,4.7,,Lower,low,22.7425,,5.477,,,,,,y,0,149,,,5.25062248
GOOA,2023,ASY,17.8,7.2,9.09,Lower,low,19.9875,17.8545,4.186,3.9525,,,,,y,6,168,1.5,2,6.14620315
OPRA,2022,ASY,,,9.1,S_Upper,high,21.711,20.572,3.9455,4.942,,,,,y,4,,12.75,0,4.95868518
GRYA,2022,ASY,18.24,6.79,9.21,N_Upper,high,17.999,19.2915,4.5525,5.2535,,,,,n,,,3.5,0,5.23733361
RWBA,2023,SY,18,7.36,9.42,Main,middle,15.554,18.724,4.0725,4.67,167.64525,176.55675,160.04475,175.25625,y,3,148,13.67,9,5.35156421
PAWW,2023,SY,17.6,6.3,9.51,N_Upper,high,17.6465,18.679,3.7245,3.409,97.0465,116.981,94.3515,128.584,y,,153,3.71,0,7.20928065
BBOA,2023,ASY,18.9,6.5,9.63,Mid,low,24.0735,21.329,4.7555,3.9575,,,,,y,0,165,,,6.2832167
OPWA,2021,SY,21.59,,9.76,Mid,low,18.3305,,3.0635,,132.771,,131.656,,n,,,,,7.31537395
GRPA,2023,ASY,17.5,6.5,9.77,Mid,low,13.8005,12.3445,3.685,3.0935,120.414,121.404,113.9415,111.51,n,,,,,5.28392077
KPGA,2022,ASY,17.8,7.04,9.77,N_Upper,high,28.0985,14.258,4.4555,3.346,,,,,n,,,,,5.05674672
YPBA,2023,SY,18.6,6.5,9.77,N_Upper,high,19.0745,16.906,2.996,3.849,138.858,142.1975,129.0095,150.814,y,7,152,17.5,2,5.99331568
YAWR,2023,ASY,17.8,7.1,9.79,N_Upper,high,20.6915,17.5485,5.196,5.4905,118.4225,171.0465,118.259,172.574,y,7,168,17.38,3.63,6.57552254
GOYA,2023,ASY,17.4,7.3,9.8,S_Upper,high,14.8775,19.04,2.595,2.954,144.6955,140.4875,148.623,130.081,y,0,153,,,6.6189134
GBGA,2023,ASY,17.87,6.85,9.91,S_Upper,high,15.1005,18.4565,3.8555,3.358,157.73775,176.76725,127.72425,160.30275,n,,,,,
BP-A,2021,SY,19.6,,9.91,Mid,low,17.46,,5.832,,132.109,,140.7275,,y,0,145,,,7.11482492
KAYR,2022,SY,18.81,6.89,9.94,Main,middle,16.6905,17.1845,4.31,3.7425,,,,,n,,,,,5.38223305
RWWA,2022,ASY,17.6,7.14,9.96,Mid,low,17.9675,,5.693,,,,,,y,0,151,,,4.13640812
RYOA,2023,SY,17.93,6.49,9.96,Lower,low,18.3705,16.282,5.1045,5.3005,136.0625,169.974,125.2045,163.062,y,3,156,4.67,0,6.01153713
OYYA,2022,SY,18,6.2,9.96,Mid,low,20.729,15.444,4.7315,4.1735,,,,,y,3,149,19.33,18,3.57463104
OARG,2022,ASY,17.55,6.88,9.98,Lower,low,20.802,,5.202,,,,,,n,,,,,
OOAY,2023,ASY,18.5,6.8,9.99,Mid,low,17.159,,5.735,,,,,,n,,,,,6.45846372
GAGG,2021,ASY,18.02,,10,N_Upper,high,19.426,,4.6395,,147.7525,,152.677,,y,8,151,,,7.90100773
WOBA,2023,ASY,18.3,6.4,10.01,N_Upper,high,16.771,16.204,4.4215,3.643,108.586,151.86825,111.9465,152.88075,n,,,6.75,3.38,5.48366716
RAKG,2022,ASY,18.83,6.94,10.01,S_Upper,high,13.306,18.374,3.1315,4.44,,,,,n,,,26,0,4.78719974
BAWR,2022,ASY,18.99,6.77,10.05,Main,middle,16.503,16.193,3.2165,3.844,,,,,y,0,153,,,4.43938224
BBPA,2022,ASY,17.46,6.9,10.07,Main,middle,19.717,,4.381,,,,,,n,,,,,4.95174731
WRKA,2022,SY,18.08,6.81,10.12,Lower,low,14.1215,15.1105,3.2715,4.343,,,,,y,1,152,27,0,4.6492089
GOPA,2022,SY,18.23,6.8,10.13,Mid,low,13.517,19.4875,4.5705,4.2065,,,,,y,3,,4.88,1.63,4.17439836
GPGA,2023,SY,18.7,7,10.13,N_Upper,high,15.6245,13.986,4.897,5.2995,197.39575,161.2245,188.04925,155.542,y,2,155,0,9,3.9607094
YRYA,2023,ASY,17.8,7,10.15,S_Upper,high,18.3295,18.409,4.7915,4.574,135.5245,161.40875,104.0015,135.01175,y,4,151,1.5,6.5,5.42571085
WABO,2022,ASY,18.41,7.62,10.15,Lower,low,14.31,,2.9405,,,,,,n,,,,,
WAPO,2021,SY,19.46,,10.18,Main,middle,23.8075,,4.5315,,134.0965,,148.2665,,y,4,149,,,7.45069482
KWGA,2021,SY,18.1,,10.25,Lower,low,22.8185,,5.18,,134.6705,,150.1115,,y,3,156,,,6.8930525
RAPR,2023,SY,19,7,10.25,Mid,low,17.9215,18.274,3.6535,4.6205,,,,,n,,,,,6.45846372
BAYB,2022,SY,19.4,7.53,10.28,N_Upper,high,11.8945,15.3525,5.035,4.8295,,,,,n,,,,,4.56017284
YBYA,2023,ASY,19.9,4.7,10.3,Mid,low,16.632,,3.818,,,,,,n,,,,,6.12645976
BAKB,2022,ASY,17.5,6.9,10.31,Mid,low,21.5705,,4.226,,,,,,y,4,148,,,4.58090323
PABY,2023,SY,19.8,4.6,10.31,Lower,low,23.3035,,11.1265,,,,,,n,,,,,
BPBA,2022,SY,17.94,6.47,10.34,N_Upper,high,12.206,15.9915,3.413,2.906,,,,,n,,,,,4.79873594
YYBA,2023,SY,18.4,6.7,10.36,S_Upper,high,9.8815,7.1035,3.709,3.9715,118.38125,139.24625,107.63875,136.65375,y,4,158,2.63,3,6.29780203
BAPK,2022,SY,17.73,6.71,10.38,Outer,middle,12.487,,2.8905,,,,,,n,,,0.67,7.5,
WGPA,2022,ASY,19.1,6.43,10.41,Main,middle,19.787,22.6345,3.5285,4.771,,,,,n,,,,,5.38223305
BKGA,2021,SY,18.47,,10.43,S_Upper,high,12.8755,,3.83,,124.84575,,131.02375,,y,0,149,,,8.00273942
PBKA,2021,SY,20.55,,10.43,S_Upper,high,7.947,,2.3435,,131.6305,,143.464,,y,6,149,3.25,7.38,7.03712098
GAWK,2021,SY,20.77,,10.43,Main,middle,14.145,,2.1745,,106.5125,,115.6465,,y,0,146,,,
PRYA,2023,SY,18.69,6.15,10.44,Main,middle,15.942,13.4845,4.486,3.075,148.6225,181.06725,153.625,195.12625,n,,,3.5,11,6.49687929
GBOA,2023,SY,18.27,7.18,10.46,Mid,low,15.097,11.737,3.9975,3.024,160.65,112.8675,161.179,119.3045,y,5,150,6.17,22,5.85158968
OOOA,2022,SY,19,6.76,10.46,Main,middle,15.628,17.349,3.493,3.489,,,,,n,,,,,4.35449438
RKOA,2022,ASY,19.19,,10.46,Mid,low,16.7375,17.2205,3.789,5.2485,,,,,y,3,146,5.33,6.5,5.05055448
KAYG,2022,SY,18.62,6.92,10.48,Main,middle,14.7605,13.9935,5.0935,5.6205,,,,,y,0,157,,,4.4465083
GAYO,2022,ASY,17.6,6.1,10.5,Mid,low,24.937,,7.7765,,,,,,y,0,148,,,4.47207981
KARY,2022,SY,18.3,6.6,10.5,S_Upper,high,15.345,19.0165,3.326,3.9905,,,,,y,3,,18.17,24.5,4.5882511
BABW,2023,ASY,18.5,7.34,10.5,N_Upper,high,12.1965,11.3625,4.619,5.33,113.6215,160.092,113.5745,156.14,y,4,153,4.38,5.88,6.57552254
WGYA,2021,ASY,,,10.51,Lower,low,11.837,,2.8865,,106.24225,,105.09525,,y,7,146,2.5,7.38,6.5429033
ORGA,2023,SY,17.5,6.5,10.52,S_Upper,high,20.546,19.819,4.0905,5.8925,156.9265,133.2565,162.584,139.863,y,0,153,,,5.43433527
YRBA,2023,ASY,18.7,7.6,10.53,Main,middle,18.113,19.0845,5.3815,5.4875,125.424,130.798,128.577,133.9925,y,3,153,,,6.2861466
BRPA,2023,SY,18,7,10.54,N_Upper,high,20.428,19.0635,3.574,3.948,96.945,131.931,103.062,138.8075,n,,,11.75,0,6.05101592
GOPA,2023,ASY,19.8,4.7,10.57,Main,middle,15.995,,6.083,,,,,,y,3,153,12.33,0,5.47498267
RGRA,2022,SY,17.45,6.42,10.59,S_Upper,high,12.864,13.1605,3.4915,3.3975,,,,,y,0,159,,,4.38488096
BARO,2023,ASY,18.15,6.6,10.6,Outer,middle,11.0785,20.366,3.8765,3.959,141.006,195.546,137.0025,180.008,y,0,152,,,4.71127647
YPRA,2022,ASY,17.2,,10.61,Mid,low,16.4155,,4.98,,,,,,y,4,147,,,4.7059402
GYRA,2022,SY,19.16,6.74,10.62,Lower,low,19.6295,16.1315,3.857,4.4665,,,,,y,4,155,15.5,8.88,4.36265489
OAWP,2022,SY,17.93,6.43,10.65,Outer,middle,10.851,,2.805,,,,,,y,0,149,,,4.41549706
RYPA,2022,SY,18.44,7.35,10.66,Mid,low,22.792,15.5105,3.55,3.321,,,,,y,0,150,,,4.46395566
RAOY,2022,ASY,18.35,6.98,10.67,Lower,low,12.473,11.7065,3.2415,3.8245,,,,,y,0,146,,,4.46881403
PPRA,2022,SY,20.38,7.17,10.69,S_Upper,high,20.7805,22.2505,3.978,3.674,,,,,y,0,,,,4.32589997
BOGA,2021,SY,20.2,7.85,10.74,S_Upper,high,10.208,,2.1315,,117.40225,,137.35225,,y,4,149,2.5,1.13,7.14158448
KGBA,2021,SY,20.05,,10.75,Outer,middle,25.919,,7.701,,136.1725,,143.6415,,n,,,1.63,3.25,6.32372513
YAPY,2023,ASY,17.76,6.89,10.77,N_Upper,high,16.3785,16.135,5.1075,5.7715,129.25125,129.618,132.66375,134.0615,y,7,154,11.5,0,5.94483764
WORA,2023,ASY,18.67,6.78,10.77,Outer,middle,16.7235,19.734,4.248,3.2625,,,,,y,0,155,,,5.64503214
POKA,2022,SY,17.1,7.1,10.8,S_Upper,high,21.1445,21.1355,4.4785,4.052,,,,,y,4,153,6,4.63,5.15144135
YARK,2021,ASY,17.53,,10.8,Outer,middle,21.539,,5.7775,,113.70225,,110.62625,,n,,,,,6.52912183
PYRA,2023,SY,18.2,7.2,10.8,S_Upper,high,12.3785,12.6935,3.9625,5.8925,99.225,111.7505,119.0725,117.693,y,3,156,10.67,14.83,6.17923501
GGPA,2023,SY,17.9,7,10.83,S_Upper,high,13.7435,13.496,4.247,4.0245,162.1085,131.2075,147.2225,124.7155,y,4,152,,,5.60520591
POBA,2022,SY,17.44,6.4,10.87,N_Upper,high,15.307,18.7115,2.2025,3.0815,,,,,n,,,,,3.46566528
OGRA,2021,ASY,17.95,7.42,10.88,Main,middle,20.408,,6.9255,,139.554,,144.7145,,y,4,145,28.75,41.5,7.17015868
KOWA,2022,SY,17.8,6.2,10.9,N_Upper,high,26.6715,27.56,8.706,7.93,,,,,y,0,154,,,4.65909543
KROA,2022,SY,17.95,6.31,10.91,Outer,middle,24.7755,24.368,4.7435,5.247,,,,,y,0,154,,,4.24409119
KPRA,2022,SY,17.7,6.8,10.92,Mid,low,16.727,,4.154,,,,,,y,4,148,0.22,2.67,3.24548751
GARO,2021,ASY,21.24,,10.93,Outer,middle,33.992,,6.3275,,154.8875,,148.3015,,y,4,150,,,6.4420675
PGYA,2022,ASY,17.99,6.78,10.94,S_Upper,high,12.442,,3.653,,,,,,y,2,149,3,5.75,4.02228753
BYYA,2023,SY,18.44,7.08,10.95,Main,middle,15.4725,22.2455,4.4315,4.412,,,,,n,,,,,6.49687929
BPPA,2023,ASY,17.8,7.1,11.01,S_Upper,high,21.434,21.01,3.171,4.667,146.633,126.517,137.511,96.0255,n,,,,,5.39029733
OOOA,2023,ASY,18.4,6.8,11.02,Main,middle,13.99,13.5415,3.949,3.7235,72.6565,105.071,82.6525,115.619,y,4,151,0.5,0,6.49687929
RAWB,2021,SY,19.1,,11.03,S_Upper,high,14.7495,,2.65,,116.86725,,130.72775,,y,7,160,,,7.09340859
GWBA,2022,ASY,18.44,7.24,11.06,S_Upper,high,20.185,,4.8705,,,,,,y,3,149,6.83,8,5.16223658
YYYA,2022,SY,17.56,6.63,11.21,Outer,middle,17.2155,21.468,5.868,5.2,,,,,y,3,153,9.17,0.33,5.05919975
BAPW,2022,ASY,16.92,6.05,11.39,Lower,low,15.966,12.9105,3.9145,3.6745,,,,,y,0,146,2.67,8.5,4.50206318
WAOK,2021,ASY,19.8,,11.85,Lower,low,35.6615,,5.2,,127.485,,125.9775,,y,4,157,,,6.7873035
OARR,2023,SY,18.1,7,11.89,S_Upper,high,18.692,19.3105,5.097,5.137,103.3095,114.1055,108.9965,123.742,y,2,154,9.75,2.5,5.62137362
WAPB,2023,ASY,,6.6,,Mid,low,16.031,,2.3945,,,,,,y,2,169,15.75,0,5.21018938
